{"version":18,"screenWidth":720,"screenHeight":1280,"scenario":{"scenario":{"id":1,"name":"Default name","detectionQuality":3216},"events":[{"event":{"id":1,"scenarioId":1,"name":"Default event","conditionOperator":1,"priority":2,"type":"IMAGE_EVENT","keepDetecting":false},"actions":[{"action":{"id":1,"eventId":1,"name":"Click","type":"CLICK","clickPositionType":"ON_DETECTED_CONDITION","clickOnConditionId":1,"pressDuration":1,"clickOffsetX":0,"clickOffsetY":0},"intentExtras":[],"eventsToggle":[]},{"action":{"id":2,"eventId":1,"priority":1,"name":"Wait","type":"PAUSE","pauseDuration":1000},"intentExtras":[],"eventsToggle":[]}],"conditions":[{"id":1,"eventId":1,"name":"Condition","type":"ON_IMAGE_DETECTED","priority":0,"path":"Condition_961497586.png","areaLeft":984,"areaTop":620,"areaRight":1068,"areaBottom":698,"threshold":15,"detectionType":1,"shouldBeDetected":true}]},{"event":{"id":2,"scenarioId":1,"name":"Default event","conditionOperator":1,"priority":6,"type":"IMAGE_EVENT","keepDetecting":false},"actions":[{"action":{"id":3,"eventId":2,"name":"Click","type":"CLICK","clickPositionType":"ON_DETECTED_CONDITION","clickOnConditionId":2,"pressDuration":1,"clickOffsetX":0,"clickOffsetY":0},"intentExtras":[],"eventsToggle":[]}],"conditions":[{"id":2,"eventId":2,"name":"Condition","type":"ON_IMAGE_DETECTED","priority":0,"path":"Condition_53172289.png","areaLeft":1036,"areaTop":634,"areaRight":1229,"areaBottom":680,"threshold":10,"detectionType":1,"shouldBeDetected":true}]},{"event":{"id":3,"scenarioId":1,"name":"Default event","conditionOperator":1,"priority":3,"type":"IMAGE_EVENT","keepDetecting":false},"actions":[{"action":{"id":4,"eventId":3,"name":"Click","type":"CLICK","clickPositionType":"ON_DETECTED_CONDITION","clickOnConditionId":3,"pressDuration":1,"clickOffsetX":0,"clickOffsetY":0},"intentExtras":[],"eventsToggle":[]},{"action":{"id":5,"eventId":3,"priority":1,"name":"Wait","type":"PAUSE","pauseDuration":1000},"intentExtras":[],"eventsToggle":[]}],"conditions":[{"id":3,"eventId":3,"name":"Condition","type":"ON_IMAGE_DETECTED","priority":0,"path":"Condition_-1939429509.png","areaLeft":987,"areaTop":620,"areaRight":1069,"areaBottom":696,"threshold":15,"detectionType":1,"shouldBeDetected":true}]},{"event":{"id":4,"scenarioId":1,"name":"Default event","conditionOperator":1,"priority":8,"type":"IMAGE_EVENT","keepDetecting":true},"actions":[{"action":{"id":6,"eventId":4,"name":"Click","type":"CLICK","clickPositionType":"ON_DETECTED_CONDITION","clickOnConditionId":4,"pressDuration":1000,"clickOffsetX":24,"clickOffsetY":-18},"intentExtras":[],"eventsToggle":[]}],"conditions":[{"id":4,"eventId":4,"name":"Condition","type":"ON_IMAGE_DETECTED","priority":0,"path":"Condition_45206224.png","areaLeft":447,"areaTop":590,"areaRight":823,"areaBottom":692,"threshold":20,"detectionType":1,"shouldBeDetected":true}]},{"event":{"id":5,"scenarioId":1,"name":"Default event","conditionOperator":1,"priority":0,"type":"IMAGE_EVENT","keepDetecting":false},"actions":[{"action":{"id":7,"eventId":5,"name":"Click","type":"CLICK","clickPositionType":"ON_DETECTED_CONDITION","clickOnConditionId":5,"pressDuration":1,"clickOffsetX":0,"clickOffsetY":0},"intentExtras":[],"eventsToggle":[]}],"conditions":[{"id":5,"eventId":5,"name":"Condition","type":"ON_IMAGE_DETECTED","priority":0,"path":"Condition_-1570063081.png","areaLeft":1060,"areaTop":642,"areaRight":1216,"areaBottom":704,"threshold":15,"detectionType":1,"shouldBeDetected":true}]},{"event":{"id":6,"scenarioId":1,"name":"Default event","conditionOperator":1,"priority":1,"type":"IMAGE_EVENT","keepDetecting":false},"actions":[{"action":{"id":8,"eventId":6,"name":"Wait","type":"PAUSE","pauseDuration":38000},"intentExtras":[],"eventsToggle":[]},{"action":{"id":9,"eventId":6,"priority":1,"name":"Click","type":"CLICK","clickPositionType":"ON_DETECTED_CONDITION","clickOnConditionId":6,"pressDuration":100,"clickOffsetX":-34,"clickOffsetY":2},"intentExtras":[],"eventsToggle":[]},{"action":{"id":10,"eventId":6,"priority":2,"name":"Swipe","type":"SWIPE","fromX":113,"fromY":617,"toX":26,"toY":434,"swipeDuration":1555},"intentExtras":[],"eventsToggle":[]}],"conditions":[{"id":6,"eventId":6,"name":"Condition","type":"ON_IMAGE_DETECTED","priority":0,"path":"Condition_-539575305.png","areaLeft":859,"areaTop":289,"areaRight":1010,"areaBottom":421,"threshold":20,"detectionType":1,"shouldBeDetected":true}]},{"event":{"id":7,"scenarioId":1,"name":"Default event","conditionOperator":1,"priority":5,"enabledOnStart":false,"type":"IMAGE_EVENT","keepDetecting":false},"actions":[{"action":{"id":11,"eventId":7,"name":"Click","type":"CLICK","clickPositionType":"ON_DETECTED_CONDITION","clickOnConditionId":7,"pressDuration":1,"clickOffsetX":0,"clickOffsetY":0},"intentExtras":[],"eventsToggle":[]}],"conditions":[{"id":7,"eventId":7,"name":"Condition","type":"ON_IMAGE_DETECTED","priority":0,"path":"Condition_999798438.png","areaLeft":1086,"areaTop":638,"areaRight":1188,"areaBottom":680,"threshold":10,"detectionType":1,"shouldBeDetected":true}]},{"event":{"id":8,"scenarioId":1,"name":"Default event","conditionOperator":1,"priority":9,"enabledOnStart":false,"type":"IMAGE_EVENT","keepDetecting":false},"actions":[{"action":{"id":12,"eventId":8,"name":"Click","type":"CLICK","clickPositionType":"ON_DETECTED_CONDITION","clickOnConditionId":8,"pressDuration":1000,"clickOffsetX":53,"clickOffsetY":2},"intentExtras":[],"eventsToggle":[]}],"conditions":[{"id":8,"eventId":8,"name":"Condition","type":"ON_IMAGE_DETECTED","priority":0,"path":"Condition_14868064.png","areaLeft":853,"areaTop":647,"areaRight":1041,"areaBottom":686,"threshold":15,"detectionType":1,"shouldBeDetected":true}]},{"event":{"id":9,"scenarioId":1,"name":"Default event","conditionOperator":1,"priority":7,"type":"IMAGE_EVENT","keepDetecting":false},"actions":[{"action":{"id":13,"eventId":9,"name":"Click","type":"CLICK","clickPositionType":"ON_DETECTED_CONDITION","clickOnConditionId":9,"pressDuration":1,"clickOffsetX":0,"clickOffsetY":0},"intentExtras":[],"eventsToggle":[]}],"conditions":[{"id":9,"eventId":9,"name":"Condition","type":"ON_IMAGE_DETECTED","priority":0,"path":"Condition_1492296707.png","areaLeft":1049,"areaTop":429,"areaRight":1200,"areaBottom":473,"threshold":10,"detectionType":1,"shouldBeDetected":true}]},{"event":{"id":10,"scenarioId":1,"name":"Default event","conditionOperator":1,"priority":4,"type":"IMAGE_EVENT","keepDetecting":false},"actions":[{"action":{"id":14,"eventId":10,"name":"Swipe","type":"SWIPE","fromX":732,"fromY":208,"toX":573,"toY":287,"swipeDuration":900},"intentExtras":[],"eventsToggle":[]},{"action":{"id":15,"eventId":10,"priority":1,"name":"Swipe","type":"SWIPE","fromX":93,"fromY":637,"toX":210,"toY":377,"swipeDuration":900},"intentExtras":[],"eventsToggle":[]},{"action":{"id":16,"eventId":10,"priority":2,"name":"Wait","type":"PAUSE","pauseDuration":1000},"intentExtras":[],"eventsToggle":[]}],"conditions":[{"id":10,"eventId":10,"name":"Condition","type":"ON_IMAGE_DETECTED","priority":0,"path":"Condition_1518687629.png","areaLeft":1047,"areaTop":422,"areaRight":1111,"areaBottom":501,"threshold":20,"detectionType":1,"shouldBeDetected":true}]},{"event":{"id":11,"scenarioId":1,"name":"Default event","conditionOperator":1,"priority":10,"type":"IMAGE_EVENT","keepDetecting":true},"actions":[{"action":{"id":17,"eventId":11,"name":"Click","type":"CLICK","clickPositionType":"ON_DETECTED_CONDITION","clickOnConditionId":11,"pressDuration":1000,"clickOffsetX":44,"clickOffsetY":-22},"intentExtras":[],"eventsToggle":[]}],"conditions":[{"id":11,"eventId":11,"name":"Condition","type":"ON_IMAGE_DETECTED","priority":0,"path":"Condition_-1133679564.png","areaLeft":1009,"areaTop":33,"areaRight":1198,"areaBottom":242,"threshold":20,"detectionType":1,"shouldBeDetected":true}]},{"event":{"id":12,"scenarioId":1,"name":"Default event","conditionOperator":1,"priority":11,"type":"IMAGE_EVENT","keepDetecting":false},"actions":[{"action":{"id":18,"eventId":12,"name":"Click","type":"CLICK","clickPositionType":"ON_DETECTED_CONDITION","clickOnConditionId":12,"pressDuration":1000,"clickOffsetX":-48,"clickOffsetY":-5},"intentExtras":[],"eventsToggle":[]}],"conditions":[{"id":12,"eventId":12,"name":"Condition","type":"ON_IMAGE_DETECTED","priority":0,"path":"Condition_387770801.png","areaLeft":929,"areaTop":624,"areaRight":1080,"areaBottom":692,"threshold":20,"detectionType":1,"shouldBeDetected":true}]},{"event":{"id":13,"scenarioId":1,"name":"Default event","conditionOperator":1,"priority":12,"type":"IMAGE_EVENT","keepDetecting":false},"actions":[{"action":{"id":19,"eventId":13,"name":"Click","type":"CLICK","clickPositionType":"ON_DETECTED_CONDITION","clickOnConditionId":13,"pressDuration":555,"clickOffsetX":-51,"clickOffsetY":-2},"intentExtras":[],"eventsToggle":[]}],"conditions":[{"id":13,"eventId":13,"name":"Condition","type":"ON_IMAGE_DETECTED","priority":0,"path":"Condition_2032252748.png","areaLeft":576,"areaTop":641,"areaRight":762,"areaBottom":708,"threshold":20,"detectionType":1,"shouldBeDetected":true}]},{"event":{"id":14,"scenarioId":1,"name":"Default event","conditionOperator":1,"priority":13,"type":"IMAGE_EVENT","keepDetecting":false},"actions":[{"action":{"id":20,"eventId":14,"name":"Click","type":"CLICK","clickPositionType":"ON_DETECTED_CONDITION","clickOnConditionId":14,"pressDuration":555,"clickOffsetX":33,"clickOffsetY":4},"intentExtras":[],"eventsToggle":[]}],"conditions":[{"id":14,"eventId":14,"name":"Condition","type":"ON_IMAGE_DETECTED","priority":0,"path":"Condition_-1252562585.png","areaLeft":1071,"areaTop":614,"areaRight":1250,"areaBottom":695,"threshold":20,"detectionType":1,"shouldBeDetected":true}]}]}}