{"version":18,"screenWidth":720,"screenHeight":1280,"scenario":{"scenario":{"id":1,"name":"Default name","detectionQuality":1200},"events":[{"event":{"id":1,"scenarioId":1,"name":"batdau","conditionOperator":2,"priority":0,"type":"IMAGE_EVENT","keepDetecting":false},"actions":[{"action":{"id":1,"eventId":1,"name":"Click","type":"CLICK","clickPositionType":"USER_SELECTED","x":1167,"y":648,"pressDuration":1},"intentExtras":[],"eventsToggle":[]},{"action":{"id":2,"eventId":1,"priority":1,"name":"Wait","type":"PAUSE","pauseDuration":500},"intentExtras":[],"eventsToggle":[]}],"conditions":[{"id":1,"eventId":1,"name":"Condition","type":"ON_IMAGE_DETECTED","priority":0,"path":"Condition_105555024.png","areaLeft":1129,"areaTop":653,"areaRight":1218,"areaBottom":696,"threshold":18,"detectionType":2,"shouldBeDetected":true},{"id":2,"eventId":1,"name":"Condition","type":"ON_IMAGE_DETECTED","priority":0,"path":"Condition_1372252341.png","areaLeft":685,"areaTop":27,"areaRight":748,"areaBottom":60,"threshold":16,"detectionType":2,"shouldBeDetected":true},{"id":3,"eventId":1,"name":"Condition","type":"ON_IMAGE_DETECTED","priority":0,"path":"Condition_282403875.png","areaLeft":872,"areaTop":652,"areaRight":938,"areaBottom":689,"threshold":18,"detectionType":2,"shouldBeDetected":true}]},{"event":{"id":2,"scenarioId":1,"name":"bay","conditionOperator":2,"priority":1,"type":"IMAGE_EVENT","keepDetecting":false},"actions":[{"action":{"id":3,"eventId":2,"name":"Wait","type":"PAUSE","pauseDuration":34000},"intentExtras":[],"eventsToggle":[]},{"action":{"id":4,"eventId":2,"priority":1,"name":"Click","type":"CLICK","clickPositionType":"USER_SELECTED","x":904,"y":360,"pressDuration":35},"intentExtras":[],"eventsToggle":[]},{"action":{"id":5,"eventId":2,"priority":2,"name":"Wait","type":"PAUSE","pauseDuration":50},"intentExtras":[],"eventsToggle":[]},{"action":{"id":6,"eventId":2,"priority":3,"name":"Swipe","type":"SWIPE","fromX":156,"fromY":521,"toX":245,"toY":398,"swipeDuration":2000},"intentExtras":[],"eventsToggle":[]},{"action":{"id":7,"eventId":2,"priority":4,"name":"Wait","type":"PAUSE","pauseDuration":50},"intentExtras":[],"eventsToggle":[]}],"conditions":[{"id":4,"eventId":2,"name":"Condition","type":"ON_IMAGE_DETECTED","priority":0,"path":"Condition_-1415377452.png","areaLeft":882,"areaTop":340,"areaRight":918,"areaBottom":364,"threshold":17,"detectionType":2,"shouldBeDetected":true}]},{"event":{"id":3,"scenarioId":1,"name":"kinang","conditionOperator":2,"priority":2,"type":"IMAGE_EVENT","keepDetecting":false},"actions":[{"action":{"id":8,"eventId":3,"name":"Click","type":"CLICK","clickPositionType":"USER_SELECTED","x":212,"y":331,"pressDuration":150},"intentExtras":[],"eventsToggle":[]},{"action":{"id":9,"eventId":3,"priority":1,"name":"Wait","type":"PAUSE","pauseDuration":50},"intentExtras":[],"eventsToggle":[]},{"action":{"id":11,"eventId":3,"priority":3,"name":"Wait","type":"PAUSE","pauseDuration":50},"intentExtras":[],"eventsToggle":[]},{"action":{"id":15,"eventId":3,"priority":2,"name":"Click","type":"CLICK","clickPositionType":"USER_SELECTED","x":852,"y":364,"pressDuration":300},"intentExtras":[],"eventsToggle":[]},{"action":{"id":16,"eventId":3,"priority":4,"name":"Click","type":"CLICK","clickPositionType":"USER_SELECTED","x":1086,"y":481,"pressDuration":300},"intentExtras":[],"eventsToggle":[]},{"action":{"id":17,"eventId":3,"priority":6,"name":"Click","type":"CLICK","clickPositionType":"USER_SELECTED","x":542,"y":614,"pressDuration":300},"intentExtras":[],"eventsToggle":[]},{"action":{"id":18,"eventId":3,"priority":7,"name":"Wait","type":"PAUSE","pauseDuration":50},"intentExtras":[],"eventsToggle":[]},{"action":{"id":19,"eventId":3,"priority":5,"name":"Wait","type":"PAUSE","pauseDuration":200},"intentExtras":[],"eventsToggle":[]}],"conditions":[{"id":5,"eventId":3,"name":"Condition","type":"ON_IMAGE_DETECTED","priority":0,"path":"Condition_944409417.png","areaLeft":1163,"areaTop":52,"areaRight":1207,"areaBottom":70,"threshold":18,"detectionType":1,"shouldBeDetected":true},{"id":6,"eventId":3,"name":"Condition","type":"ON_IMAGE_DETECTED","priority":0,"path":"Condition_-1349567537.png","areaLeft":1160,"areaTop":46,"areaRight":1213,"areaBottom":58,"threshold":19,"detectionType":1,"shouldBeDetected":true}]},{"event":{"id":5,"scenarioId":1,"name":"bỏ","conditionOperator":2,"priority":3,"type":"IMAGE_EVENT","keepDetecting":false},"actions":[{"action":{"id":13,"eventId":5,"name":"Click","type":"CLICK","clickPositionType":"USER_SELECTED","x":1132,"y":446,"pressDuration":236},"intentExtras":[],"eventsToggle":[]}],"conditions":[{"id":8,"eventId":5,"name":"Condition","type":"ON_IMAGE_DETECTED","priority":0,"path":"Condition_14845671.png","areaLeft":1067,"areaTop":434,"areaRight":1202,"areaBottom":469,"threshold":20,"detectionType":1,"shouldBeDetected":true}]}]}}