{"version":18,"screenWidth":720,"screenHeight":1280,"scenario":{"scenario":{"id":2,"name":"Default name","detectionQuality":1200},"events":[{"event":{"id":12,"scenarioId":2,"name":"batdau","conditionOperator":2,"priority":0,"type":"IMAGE_EVENT","keepDetecting":false},"actions":[{"action":{"id":19,"eventId":12,"name":"Click","type":"CLICK","clickPositionType":"USER_SELECTED","x":1167,"y":648,"pressDuration":1},"intentExtras":[],"eventsToggle":[]},{"action":{"id":20,"eventId":12,"priority":1,"name":"Wait","type":"PAUSE","pauseDuration":500},"intentExtras":[],"eventsToggle":[]}],"conditions":[{"id":12,"eventId":12,"name":"Condition","type":"ON_IMAGE_DETECTED","priority":0,"path":"Condition_105555024.png","areaLeft":1129,"areaTop":653,"areaRight":1218,"areaBottom":696,"threshold":18,"detectionType":2,"shouldBeDetected":true},{"id":13,"eventId":12,"name":"Condition","type":"ON_IMAGE_DETECTED","priority":0,"path":"Condition_1372252341.png","areaLeft":685,"areaTop":27,"areaRight":748,"areaBottom":60,"threshold":16,"detectionType":2,"shouldBeDetected":true},{"id":14,"eventId":12,"name":"Condition","type":"ON_IMAGE_DETECTED","priority":0,"path":"Condition_282403875.png","areaLeft":872,"areaTop":652,"areaRight":938,"areaBottom":689,"threshold":18,"detectionType":2,"shouldBeDetected":true}]},{"event":{"id":13,"scenarioId":2,"name":"bay","conditionOperator":2,"priority":1,"type":"IMAGE_EVENT","keepDetecting":false},"actions":[{"action":{"id":21,"eventId":13,"name":"Wait","type":"PAUSE","pauseDuration":35000},"intentExtras":[],"eventsToggle":[]},{"action":{"id":22,"eventId":13,"priority":1,"name":"Click","type":"CLICK","clickPositionType":"USER_SELECTED","x":904,"y":360,"pressDuration":35},"intentExtras":[],"eventsToggle":[]},{"action":{"id":23,"eventId":13,"priority":2,"name":"Wait","type":"PAUSE","pauseDuration":50},"intentExtras":[],"eventsToggle":[]},{"action":{"id":24,"eventId":13,"priority":3,"name":"Swipe","type":"SWIPE","fromX":156,"fromY":521,"toX":245,"toY":398,"swipeDuration":1500},"intentExtras":[],"eventsToggle":[]},{"action":{"id":25,"eventId":13,"priority":4,"name":"Wait","type":"PAUSE","pauseDuration":50},"intentExtras":[],"eventsToggle":[]}],"conditions":[{"id":15,"eventId":13,"name":"Condition","type":"ON_IMAGE_DETECTED","priority":0,"path":"Condition_-1415377452.png","areaLeft":882,"areaTop":340,"areaRight":918,"areaBottom":364,"threshold":17,"detectionType":2,"shouldBeDetected":true}]},{"event":{"id":14,"scenarioId":2,"name":"kinang","conditionOperator":2,"priority":2,"type":"IMAGE_EVENT","keepDetecting":false},"actions":[{"action":{"id":27,"eventId":14,"name":"Wait","type":"PAUSE","pauseDuration":50},"intentExtras":[],"eventsToggle":[]},{"action":{"id":28,"eventId":14,"priority":1,"name":"Click","type":"CLICK","clickPositionType":"USER_SELECTED","x":852,"y":364,"pressDuration":300},"intentExtras":[],"eventsToggle":[]},{"action":{"id":29,"eventId":14,"priority":2,"name":"Wait","type":"PAUSE","pauseDuration":50},"intentExtras":[],"eventsToggle":[]},{"action":{"id":30,"eventId":14,"priority":3,"name":"Click","type":"CLICK","clickPositionType":"USER_SELECTED","x":1086,"y":481,"pressDuration":300},"intentExtras":[],"eventsToggle":[]},{"action":{"id":31,"eventId":14,"priority":4,"name":"Wait","type":"PAUSE","pauseDuration":200},"intentExtras":[],"eventsToggle":[]},{"action":{"id":32,"eventId":14,"priority":5,"name":"Click","type":"CLICK","clickPositionType":"USER_SELECTED","x":575,"y":615,"pressDuration":300},"intentExtras":[],"eventsToggle":[]},{"action":{"id":33,"eventId":14,"priority":6,"name":"Wait","type":"PAUSE","pauseDuration":50},"intentExtras":[],"eventsToggle":[]},{"action":{"id":35,"eventId":14,"priority":8,"name":"Swipe","type":"SWIPE","fromX":969,"fromY":283,"toX":1155,"toY":278,"swipeDuration":2000},"intentExtras":[],"eventsToggle":[]},{"action":{"id":36,"eventId":14,"priority":7,"name":"Swipe","type":"SWIPE","fromX":204,"fromY":531,"toX":425,"toY":372,"swipeDuration":788},"intentExtras":[],"eventsToggle":[]}],"conditions":[{"id":16,"eventId":14,"name":"Condition","type":"ON_IMAGE_DETECTED","priority":0,"path":"Condition_944409417.png","areaLeft":1163,"areaTop":52,"areaRight":1207,"areaBottom":70,"threshold":18,"detectionType":1,"shouldBeDetected":true},{"id":17,"eventId":14,"name":"Condition","type":"ON_IMAGE_DETECTED","priority":0,"path":"Condition_-1349567537.png","areaLeft":1160,"areaTop":46,"areaRight":1213,"areaBottom":58,"threshold":19,"detectionType":1,"shouldBeDetected":true}]},{"event":{"id":15,"scenarioId":2,"name":"bỏ","conditionOperator":2,"priority":3,"type":"IMAGE_EVENT","keepDetecting":false},"actions":[{"action":{"id":34,"eventId":15,"name":"Click","type":"CLICK","clickPositionType":"USER_SELECTED","x":1132,"y":446,"pressDuration":236},"intentExtras":[],"eventsToggle":[]}],"conditions":[{"id":18,"eventId":15,"name":"Condition","type":"ON_IMAGE_DETECTED","priority":0,"path":"Condition_14845671.png","areaLeft":1067,"areaTop":434,"areaRight":1202,"areaBottom":469,"threshold":20,"detectionType":1,"shouldBeDetected":true}]}]}}